dataset,n_eval,accuracy,macro_f1
amazon_polarity,600,0.8616666666666667,0.8613427479194451
imdb,600,0.87,0.8696741854636592
naijasenti_pcm,564,0.17553191489361702,0.169766403808957
naijasenti_yor,540,0.1037037037037037,0.10270671116054876
nollysenti_pcm,473,0.7505285412262156,0.7505185052744502
nollysenti_yor,380,0.7157894736842105,0.6865835777126099
tweet_eval,600,0.8,0.796910787422008
